{
  "vertices": [
    -0.7, -0.1, -0.7, 
    0.7, -0.1, -0.7, 
    0.7, 0.1, -0.7, 
    -0.7, 0.1, -0.7, 
    0.7, -0.1, -0.7, 
    0.7, -0.1, 0.7, 
    0.7, 0.1, 0.7, 
    0.7, 0.1, -0.7, 
    -0.7, -0.1, -0.7,
    -0.7, -0.1, 0.7, 
    -0.7, 0.1, 0.7, 
    -0.7, 0.1, -0.7, 
    -0.7, -0.1, 0.7, 
    0.7, -0.1, 0.7, 
    0.7, 0.1, 0.7, 
    -0.7, 0.1, 0.7, 
    -0.5, -0.1, -0.5, 
    0.5, -0.1, -0.5,
    0.5, 0.1, -0.5, 
    -0.5, 0.1, -0.5, 
    0.5, -0.1, -0.5,
    0.5, -0.1, 0.5, 
    0.5, 0.1, 0.5, 
    0.5, 0.1, -0.5, 
    -0.5, -0.1, -0.5, 
    -0.5, -0.1, 0.5, 
    -0.5, 0.1, 0.5,
    -0.5, 0.1, -0.5, 
    -0.5, -0.1, 0.5, 
    0.5, -0.1, 0.5, 
    0.5, 0.1, 0.5, 
    -0.5, 0.1, 0.5, 
    -0.5, 0.7, 0.1, 
    0.5, 0.7, 0.1, 
    0.5, 0.7, -0.1, 
    -0.5, 0.7, -0.1, 
    0.5, 0.7, 0.1, 
    0.5, -0.7, 0.1, 
    0.5, -0.7, -0.1, 
    0.5, 0.7, -0.1, 
    -0.5, 0.7, 0.1,
    -0.5, -0.7, 0.1, 
    -0.5, -0.7, -0.1, 
    -0.5, 0.7, -0.1, 
    -0.5, -0.7, 0.1, 
    0.5, -0.7, 0.1, 
    0.5, -0.7, -0.1, 
    -0.5, -0.7, -0.1, 
    -0.3, 0.5, 0.1,
    0.3, 0.5, 0.1,
    0.3, 0.5, -0.1, 
    -0.3, 0.5, -0.1, 
    0.3, 0.5, 0.1, 
    0.3, -0.5, 0.1, 
    0.3, -0.5, -0.1,
    0.3, 0.5, -0.1, 
    -0.3, 0.5, 0.1, 
    -0.3, -0.5, 0.1, 
    -0.3, -0.5, -0.1,
    -0.3, 0.5, -0.1, 
    -0.3, -0.5, 0.1, 
    0.3, -0.5, 0.1, 
    0.3, -0.5, -0.1, 
    -0.3, -0.5, -0.1,
    0.1, -0.5, -0.5, 
    0.1, 0.5, -0.5, 
    -0.1, 0.5, -0.5, 
    -0.1, -0.5, -0.5, 
    0.1, 0.5, -0.5, 
    0.1, 0.5, 0.5, 
    -0.1, 0.5, 0.5, 
    -0.1, 0.5, -0.5, 
    0.1, -0.5, -0.5, 
    0.1, -0.5, 0.5, 
    -0.1, -0.5, 0.5, 
    -0.1, -0.5, -0.5, 
    0.1, -0.5, 0.5, 
    0.1, 0.5, 0.5, 
    -0.1, 0.5, 0.5, 
    -0.1, -0.5, 0.5, 
    0.1, -0.3, -0.3, 
    0.1, 0.3, -0.3, 
    -0.1, 0.3, -0.3, 
    -0.1, -0.3, -0.3, 
    0.1, 0.3, -0.3, 
    0.1, 0.3, 0.3,
    -0.1, 0.3, 0.3, 
    -0.1, 0.3, -0.3, 
    0.1, -0.3, -0.3, 
    0.1, -0.3, 0.3, 
    -0.1, -0.3, 0.3, 
    -0.1, -0.3, -0.3, 
    0.1, -0.3, 0.3, 
    0.1, 0.3, 0.3, 
    -0.1, 0.3, 0.3,
    -0.1, -0.3, 0.3
  ],
  "colors": [
    0.8132872729560299, 0.05607620116103207, 0.2551652934534354,
    0.7925729183182935, 0.9413891412735407, 0.9458445050880708,
    0.4549816207246582, 0.10729856657571757, 0.9935007772153415,
    0.3518085177958581, 0.08949967598743336, 0.42578150423888506,
    0.8935218599300749, 0.41826020306052913, 0.5729900733603943,
    0.8066299221306068, 0.4256036505762808, 0.391678425858635,
    0.572865915524791, 0.8147846639469636, 0.8764719526856983,
    0.9301327312877627, 0.3244402843772125, 0.6351108697805872,
    0.6243304527820521, 0.7834196043196437, 0.3816638248656741,
    0.3865352625893661, 0.7206759132558829, 0.6146589852140281,
    0.6438242802210274, 0.5499494919831707, 0.22166395962672691,
    0.49591288460211236, 0.8099380177789584, 0.9491864756301345,
    0.3034385964488393, 0.00919994573898908, 0.16780643398249606,
    0.730567166425024, 0.291671855070309, 0.3552064501050509,
    0.7696081200862144, 0.7174327560972344, 0.7822134171506145,
    0.9625926660279005, 0.3386707794277699, 0.2673559061629933,
    0.15378108136874857, 0.8838800794521491, 0.31319052968847627,
    0.8442531126931374, 0.7126064591004542, 0.9255962980647512,
    0.4867592034914612, 0.3867127832790125, 0.5496612278899251,
    0.9241051687192634, 0.4706853741560566, 0.04697341887145545,
    0.21571818145788568, 0.04202022496422053, 0.8458803768500887,
    0.864060528331156, 0.9251226457063069, 0.20489401348582525,
    0.1563943553158027, 0.5580561843932081, 0.01851900033996956,
    0.12559243025312128, 0.8824820245813487, 0.3443591119340623,
    0.38269804055312284, 0.11402572921225995, 0.6278749538848993,
    0.29171132628365326, 0.7640057995529979, 0.895889928741296,
    0.5871237146225687, 0.8235779561847445, 0.9482956781723657,
    0.1354936374012119, 0.39904436017168776, 0.07747034326400803,
    0.27033760434687326, 0.7033756836054181, 0.35897441709211564,
    0.24705085940352123, 0.20477918568823972, 0.2158232014969943,
    0.5266069797288415, 0.9639400575744694, 0.7809453866925709,
    0.4702624423876629, 0.35166429241124253, 0.02373530178397365,
    0.1834192810957902, 0.2596143980355663, 0.6379688753865904,
    0.05439387857639244, 0.6691581038476859, 0.29899548467727377,
    0.3703192142025624, 0.37093523735961065, 0.005626559854362334,
    0.2589004178339662, 0.3300252069227241, 0.8451616533116955,
    0.4846181795867497, 0.26747892804679574, 0.45358291846161025,
    0.9083742913432129, 0.3249182476296024, 0.06945439166428513,
    0.7982168862322725, 0.782996426282186, 0.12015725434894708,
    0.581179888206945, 0.3324260558348311, 0.7739489115484715, 0.65215518595453,
    0.4522984116843247, 0.2504025200041431, 0.11380591194357703,
    0.7112684152916857, 0.7496098376904432, 0.3305505949196257,
    0.60695987199385, 0.572142136014242, 0.4381971149998689, 0.7091395071767865,
    0.26249522277252146, 0.041558144663661256, 0.6157655511988591,
    0.1301550522054995, 0.6900564489566012, 0.6241701907702841,
    0.03700365409726092, 0.2869490234983991, 0.14480893552261276,
    0.7600962738266763, 0.4320283574607191, 0.8774450182330098,
    0.210984554247317, 0.94073690775145, 0.1408184631072349, 0.8130198740308847,
    0.88915933281754, 0.9466204354108516, 0.6986140772097698,
    0.1870034259386304, 0.3793545943226839, 0.7958975459873963,
    0.5160079220001832, 0.41264118534323946, 0.4115650080637454,
    0.13268996823434076, 0.8347188965920804, 0.018610231818474654,
    0.9377237714311528, 0.8206229390801503, 0.12856745857276897,
    0.23881719255395684, 0.603652897876845, 0.7569792747432846,
    0.5462338703588183, 0.8384103312832101, 0.13322681161842032,
    0.9203430559187613, 0.590790792715385, 0.11537997479216378,
    0.6046571808347991, 0.11959714902140428, 0.9139513288097296,
    0.4459622527059779, 0.06892449151092128, 0.5347776317075985,
    0.9964100599005443, 0.4827020225965466, 0.11886496605310781,
    0.412238126838828, 0.614641298882852, 0.049447771383146044,
    0.23384304818467805, 0.40486351438540913, 0.5125722732914284,
    0.6188830709973097, 0.9560021059086385, 0.12281375640872194,
    0.3865173502100403, 0.5076757652955368, 0.3405729179112038,
    0.41157063567345564, 0.03073516854255809, 0.1466400972730082,
    0.08265724381886708, 0.22784710441029232, 0.37264531110224053,
    0.14514270429526, 0.9236355527516507, 0.31744642188866146,
    0.0016885685504199888, 0.6288839512638107, 0.04334648490602189,
    0.9811100143926685, 0.4543553015139341, 0.1365768525507982,
    0.17729764979840446, 0.7677255622629529, 0.10070454337523138,
    0.8353086750008227, 0.3741828891708885, 0.3441226268270692,
    0.14575220761275332, 0.28245987977262477, 0.7880054286902263,
    0.9377024704462473, 0.00747564079584051, 0.2160081596387038,
    0.6706664101610869, 0.10387081206782445, 0.8653971462872396,
    0.07601855155460946, 0.4651146800879322, 0.8082584936892632,
    0.7590575794056498, 0.3488214416279716, 0.545726068625739,
    0.7192971011888503, 0.3085622179398364, 0.730322158037181,
    0.692891868491051, 0.08472706291571641, 0.9196470155081773,
    0.8959638008396791, 0.06079983787013199, 0.014747966567529858,
    0.488295727101822, 0.1279548844466869, 0.3617386824254445,
    0.09582047390859061, 0.1544369922854969, 0.19340611181827394,
    0.3574623230535059, 0.6423598297118505, 0.7692953622970622,
    0.21602515494378727, 0.1511758365939686, 0.1123780073737628,
    0.6570344652369589, 0.3138787619202974, 0.0351924828338579,
    0.6030114605216355, 0.6744391023911018, 0.7278096138750221,
    0.19253863752883027, 0.3553846250951087, 0.004489879288515519,
    0.7716204665276072, 0.11998127126140368, 0.40230676427383405,
    0.7827924118313203, 0.012287459215402086, 0.9809075819156872,
    0.5588192302807182, 0.8123095910445657, 0.4526157617288198,
    0.4951640083134705, 0.3922024264372199, 0.028597488050466247,
    0.9541990270137741, 0.9264427564329096, 0.989819275233446,
